user_id,own_rec
1,"[1029743, 1082185, 1106523, 1127831, 951590]"
7,"[1029743, 1082185, 1106523, 1127831, 951590]"
8,"[1029743, 1082185, 1106523, 1127831, 951590]"
13,"[1029743, 1082185, 1106523, 1127831, 951590]"
16,"[1029743, 1082185, 1106523, 1127831, 951590]"
18,"[1029743, 1082185, 1106523, 1127831, 951590]"
19,"[1029743, 1082185, 1106523, 1127831, 951590]"
20,"[1029743, 1082185, 1106523, 1127831, 951590]"
22,"[1029743, 1082185, 1106523, 1127831, 951590]"
25,"[1029743, 1082185, 1106523, 1127831, 951590]"
27,"[1029743, 1082185, 1106523, 1127831, 951590]"
31,"[1029743, 1082185, 1106523, 1127831, 951590]"
39,"[1029743, 1082185, 1106523, 1127831, 951590]"
40,"[1029743, 1082185, 1106523, 1127831, 951590]"
42,"[1029743, 1082185, 1106523, 1127831, 951590]"
43,"[1029743, 1082185, 1106523, 1127831, 951590]"
46,"[1029743, 1082185, 1106523, 1127831, 951590]"
49,"[1029743, 1082185, 1106523, 1127831, 951590]"
52,"[1029743, 1082185, 1106523, 1127831, 951590]"
55,"[1029743, 1082185, 1106523, 1127831, 951590]"
56,"[1029743, 1082185, 1106523, 1127831, 951590]"
57,"[1029743, 1082185, 1106523, 1127831, 951590]"
58,"[1029743, 1082185, 1106523, 1127831, 951590]"
67,"[1029743, 1082185, 1106523, 1127831, 951590]"
71,"[1029743, 1082185, 1106523, 1127831, 951590]"
77,"[1029743, 1082185, 1106523, 1127831, 951590]"
78,"[1029743, 1082185, 1106523, 1127831, 951590]"
80,"[1029743, 1082185, 1106523, 1127831, 951590]"
85,"[1029743, 1082185, 1106523, 1127831, 951590]"
86,"[1029743, 1082185, 1106523, 1127831, 951590]"
97,"[1029743, 1082185, 1106523, 1127831, 951590]"
98,"[1029743, 1082185, 1106523, 1127831, 951590]"
101,"[1029743, 1082185, 1106523, 1127831, 951590]"
104,"[1029743, 1082185, 1106523, 1127831, 951590]"
105,"[1029743, 1082185, 1106523, 1127831, 951590]"
109,"[1029743, 1082185, 1106523, 1127831, 951590]"
110,"[1029743, 1082185, 1106523, 1127831, 951590]"
113,"[1029743, 1082185, 1106523, 1127831, 951590]"
114,"[1029743, 1082185, 1106523, 1127831, 951590]"
117,"[1029743, 1082185, 1106523, 1127831, 951590]"
118,"[1029743, 1082185, 1106523, 1127831, 951590]"
121,"[1029743, 1082185, 1106523, 1127831, 951590]"
123,"[1029743, 1082185, 1106523, 1127831, 951590]"
127,"[1029743, 1082185, 1106523, 1127831, 951590]"
131,"[1029743, 1082185, 1106523, 1127831, 951590]"
133,"[1029743, 1082185, 1106523, 1127831, 951590]"
136,"[1029743, 1082185, 1106523, 1127831, 951590]"
139,"[1029743, 1082185, 1106523, 1127831, 951590]"
157,"[1029743, 1082185, 1106523, 1127831, 951590]"
158,"[1029743, 1082185, 1106523, 1127831, 951590]"
159,"[1029743, 1082185, 1106523, 1127831, 951590]"
161,"[1029743, 1082185, 1106523, 1127831, 951590]"
164,"[1029743, 1082185, 1106523, 1127831, 951590]"
166,"[1029743, 1082185, 1106523, 1127831, 951590]"
178,"[1029743, 1082185, 1106523, 1127831, 951590]"
184,"[1029743, 1082185, 1106523, 1127831, 951590]"
192,"[1029743, 1082185, 1106523, 1127831, 951590]"
193,"[1029743, 1082185, 1106523, 1127831, 951590]"
198,"[1029743, 1082185, 1106523, 1127831, 951590]"
201,"[1029743, 1082185, 1106523, 1127831, 951590]"
208,"[1029743, 1082185, 1106523, 1127831, 951590]"
209,"[1029743, 1082185, 1106523, 1127831, 951590]"
211,"[1029743, 1082185, 1106523, 1127831, 951590]"
212,"[1029743, 1082185, 1106523, 1127831, 951590]"
214,"[1029743, 1082185, 1106523, 1127831, 951590]"
216,"[1029743, 1082185, 1106523, 1127831, 951590]"
218,"[1029743, 1082185, 1106523, 1127831, 951590]"
219,"[1029743, 1082185, 1106523, 1127831, 951590]"
220,"[1029743, 1082185, 1106523, 1127831, 951590]"
221,"[1029743, 1082185, 1106523, 1127831, 951590]"
222,"[1029743, 1082185, 1106523, 1127831, 951590]"
230,"[1029743, 1082185, 1106523, 1127831, 951590]"
232,"[1029743, 1082185, 1106523, 1127831, 951590]"
235,"[1029743, 1082185, 1106523, 1127831, 951590]"
239,"[1029743, 1082185, 1106523, 1127831, 951590]"
242,"[1029743, 1082185, 1106523, 1127831, 951590]"
243,"[1029743, 1082185, 1106523, 1127831, 951590]"
248,"[1029743, 1082185, 1106523, 1127831, 951590]"
249,"[1029743, 1082185, 1106523, 1127831, 951590]"
250,"[1029743, 1082185, 1106523, 1127831, 951590]"
253,"[1029743, 1082185, 1106523, 1127831, 951590]"
256,"[1029743, 1082185, 1106523, 1127831, 951590]"
257,"[1029743, 1082185, 1106523, 1127831, 951590]"
263,"[1029743, 1082185, 1106523, 1127831, 951590]"
276,"[1029743, 1082185, 1106523, 1127831, 951590]"
281,"[1029743, 1082185, 1106523, 1127831, 951590]"
282,"[1029743, 1082185, 1106523, 1127831, 951590]"
283,"[1029743, 1082185, 1106523, 1127831, 951590]"
289,"[1029743, 1082185, 1106523, 1127831, 951590]"
290,"[1029743, 1082185, 1106523, 1127831, 951590]"
294,"[1029743, 1082185, 1106523, 1127831, 951590]"
300,"[1029743, 1082185, 1106523, 1127831, 951590]"
301,"[1029743, 1082185, 1106523, 1127831, 951590]"
302,"[1029743, 1082185, 1106523, 1127831, 951590]"
304,"[1029743, 1082185, 1106523, 1127831, 951590]"
306,"[1029743, 1082185, 1106523, 1127831, 951590]"
314,"[1029743, 1082185, 1106523, 1127831, 951590]"
321,"[1029743, 1082185, 1106523, 1127831, 951590]"
324,"[1029743, 1082185, 1106523, 1127831, 951590]"
325,"[1029743, 1082185, 1106523, 1127831, 951590]"
329,"[1029743, 1082185, 1106523, 1127831, 951590]"
332,"[1029743, 1082185, 1106523, 1127831, 951590]"
334,"[1029743, 1082185, 1106523, 1127831, 951590]"
346,"[1029743, 1082185, 1106523, 1127831, 951590]"
350,"[1029743, 1082185, 1106523, 1127831, 951590]"
351,"[1029743, 1082185, 1106523, 1127831, 951590]"
353,"[1029743, 1082185, 1106523, 1127831, 951590]"
354,"[1029743, 1082185, 1106523, 1127831, 951590]"
358,"[1029743, 1082185, 1106523, 1127831, 951590]"
361,"[1029743, 1082185, 1106523, 1127831, 951590]"
362,"[1029743, 1082185, 1106523, 1127831, 951590]"
367,"[1029743, 1082185, 1106523, 1127831, 951590]"
371,"[1029743, 1082185, 1106523, 1127831, 951590]"
377,"[1029743, 1082185, 1106523, 1127831, 951590]"
378,"[1029743, 1082185, 1106523, 1127831, 951590]"
381,"[1029743, 1082185, 1106523, 1127831, 951590]"
385,"[1029743, 1082185, 1106523, 1127831, 951590]"
386,"[1029743, 1082185, 1106523, 1127831, 951590]"
387,"[1029743, 1082185, 1106523, 1127831, 951590]"
389,"[1029743, 1082185, 1106523, 1127831, 951590]"
390,"[1029743, 1082185, 1106523, 1127831, 951590]"
392,"[1029743, 1082185, 1106523, 1127831, 951590]"
400,"[1029743, 1082185, 1106523, 1127831, 951590]"
404,"[1029743, 1082185, 1106523, 1127831, 951590]"
409,"[1029743, 1082185, 1106523, 1127831, 951590]"
410,"[1029743, 1082185, 1106523, 1127831, 951590]"
411,"[1029743, 1082185, 1106523, 1127831, 951590]"
412,"[1029743, 1082185, 1106523, 1127831, 951590]"
413,"[1029743, 1082185, 1106523, 1127831, 951590]"
417,"[1029743, 1082185, 1106523, 1127831, 951590]"
418,"[1029743, 1082185, 1106523, 1127831, 951590]"
426,"[1029743, 1082185, 1106523, 1127831, 951590]"
432,"[1029743, 1082185, 1106523, 1127831, 951590]"
434,"[1029743, 1082185, 1106523, 1127831, 951590]"
437,"[1029743, 1082185, 1106523, 1127831, 951590]"
438,"[1029743, 1082185, 1106523, 1127831, 951590]"
441,"[1029743, 1082185, 1106523, 1127831, 951590]"
442,"[1029743, 1082185, 1106523, 1127831, 951590]"
443,"[1029743, 1082185, 1106523, 1127831, 951590]"
451,"[1029743, 1082185, 1106523, 1127831, 951590]"
454,"[1029743, 1082185, 1106523, 1127831, 951590]"
458,"[1029743, 1082185, 1106523, 1127831, 951590]"
460,"[1029743, 1082185, 1106523, 1127831, 951590]"
462,"[1029743, 1082185, 1106523, 1127831, 951590]"
464,"[1029743, 1082185, 1106523, 1127831, 951590]"
469,"[1029743, 1082185, 1106523, 1127831, 951590]"
483,"[1029743, 1082185, 1106523, 1127831, 951590]"
484,"[1029743, 1082185, 1106523, 1127831, 951590]"
485,"[1029743, 1082185, 1106523, 1127831, 951590]"
489,"[1029743, 1082185, 1106523, 1127831, 951590]"
491,"[1029743, 1082185, 1106523, 1127831, 951590]"
493,"[1029743, 1082185, 1106523, 1127831, 951590]"
510,"[1029743, 1082185, 1106523, 1127831, 951590]"
513,"[1029743, 1082185, 1106523, 1127831, 951590]"
518,"[1029743, 1082185, 1106523, 1127831, 951590]"
523,"[1029743, 1082185, 1106523, 1127831, 951590]"
526,"[1029743, 1082185, 1106523, 1127831, 951590]"
527,"[1029743, 1082185, 1106523, 1127831, 951590]"
534,"[1029743, 1082185, 1106523, 1127831, 951590]"
540,"[1029743, 1082185, 1106523, 1127831, 951590]"
542,"[1029743, 1082185, 1106523, 1127831, 951590]"
543,"[1029743, 1082185, 1106523, 1127831, 951590]"
548,"[1029743, 1082185, 1106523, 1127831, 951590]"
553,"[1029743, 1082185, 1106523, 1127831, 951590]"
560,"[1029743, 1082185, 1106523, 1127831, 951590]"
567,"[1029743, 1082185, 1106523, 1127831, 951590]"
569,"[1029743, 1082185, 1106523, 1127831, 951590]"
574,"[1029743, 1082185, 1106523, 1127831, 951590]"
575,"[1029743, 1082185, 1106523, 1127831, 951590]"
578,"[1029743, 1082185, 1106523, 1127831, 951590]"
582,"[1029743, 1082185, 1106523, 1127831, 951590]"
583,"[1029743, 1082185, 1106523, 1127831, 951590]"
586,"[1029743, 1082185, 1106523, 1127831, 951590]"
588,"[1029743, 1082185, 1106523, 1127831, 951590]"
593,"[1029743, 1082185, 1106523, 1127831, 951590]"
595,"[1029743, 1082185, 1106523, 1127831, 951590]"
596,"[1029743, 1082185, 1106523, 1127831, 951590]"
598,"[1029743, 1082185, 1106523, 1127831, 951590]"
605,"[1029743, 1082185, 1106523, 1127831, 951590]"
606,"[1029743, 1082185, 1106523, 1127831, 951590]"
608,"[1029743, 1082185, 1106523, 1127831, 951590]"
609,"[1029743, 1082185, 1106523, 1127831, 951590]"
614,"[1029743, 1082185, 1106523, 1127831, 951590]"
621,"[1029743, 1082185, 1106523, 1127831, 951590]"
622,"[1029743, 1082185, 1106523, 1127831, 951590]"
623,"[1029743, 1082185, 1106523, 1127831, 951590]"
624,"[1029743, 1082185, 1106523, 1127831, 951590]"
630,"[1029743, 1082185, 1106523, 1127831, 951590]"
631,"[1029743, 1082185, 1106523, 1127831, 951590]"
644,"[1029743, 1082185, 1106523, 1127831, 951590]"
647,"[1029743, 1082185, 1106523, 1127831, 951590]"
660,"[1029743, 1082185, 1106523, 1127831, 951590]"
661,"[1029743, 1082185, 1106523, 1127831, 951590]"
670,"[1029743, 1082185, 1106523, 1127831, 951590]"
671,"[1029743, 1082185, 1106523, 1127831, 951590]"
672,"[1029743, 1082185, 1106523, 1127831, 951590]"
675,"[1029743, 1082185, 1106523, 1127831, 951590]"
680,"[1029743, 1082185, 1106523, 1127831, 951590]"
685,"[1029743, 1082185, 1106523, 1127831, 951590]"
690,"[1029743, 1082185, 1106523, 1127831, 951590]"
692,"[1029743, 1082185, 1106523, 1127831, 951590]"
693,"[1029743, 1082185, 1106523, 1127831, 951590]"
695,"[1029743, 1082185, 1106523, 1127831, 951590]"
696,"[1029743, 1082185, 1106523, 1127831, 951590]"
699,"[1029743, 1082185, 1106523, 1127831, 951590]"
706,"[1029743, 1082185, 1106523, 1127831, 951590]"
707,"[1029743, 1082185, 1106523, 1127831, 951590]"
708,"[1029743, 1082185, 1106523, 1127831, 951590]"
712,"[1029743, 1082185, 1106523, 1127831, 951590]"
714,"[1029743, 1082185, 1106523, 1127831, 951590]"
715,"[1029743, 1082185, 1106523, 1127831, 951590]"
716,"[1029743, 1082185, 1106523, 1127831, 951590]"
718,"[1029743, 1082185, 1106523, 1127831, 951590]"
722,"[1029743, 1082185, 1106523, 1127831, 951590]"
725,"[1029743, 1082185, 1106523, 1127831, 951590]"
731,"[1029743, 1082185, 1106523, 1127831, 951590]"
733,"[1029743, 1082185, 1106523, 1127831, 951590]"
740,"[1029743, 1082185, 1106523, 1127831, 951590]"
741,"[1029743, 1082185, 1106523, 1127831, 951590]"
742,"[1029743, 1082185, 1106523, 1127831, 951590]"
752,"[1029743, 1082185, 1106523, 1127831, 951590]"
753,"[1029743, 1082185, 1106523, 1127831, 951590]"
755,"[1029743, 1082185, 1106523, 1127831, 951590]"
761,"[1029743, 1082185, 1106523, 1127831, 951590]"
762,"[1029743, 1082185, 1106523, 1127831, 951590]"
764,"[1029743, 1082185, 1106523, 1127831, 951590]"
766,"[1029743, 1082185, 1106523, 1127831, 951590]"
768,"[1029743, 1082185, 1106523, 1127831, 951590]"
770,"[1029743, 1082185, 1106523, 1127831, 951590]"
771,"[1029743, 1082185, 1106523, 1127831, 951590]"
779,"[1029743, 1082185, 1106523, 1127831, 951590]"
784,"[1029743, 1082185, 1106523, 1127831, 951590]"
786,"[1029743, 1082185, 1106523, 1127831, 951590]"
787,"[1029743, 1082185, 1106523, 1127831, 951590]"
788,"[1029743, 1082185, 1106523, 1127831, 951590]"
790,"[1029743, 1082185, 1106523, 1127831, 951590]"
800,"[1029743, 1082185, 1106523, 1127831, 951590]"
803,"[1029743, 1082185, 1106523, 1127831, 951590]"
806,"[1029743, 1082185, 1106523, 1127831, 951590]"
808,"[1029743, 1082185, 1106523, 1127831, 951590]"
816,"[1029743, 1082185, 1106523, 1127831, 951590]"
817,"[1029743, 1082185, 1106523, 1127831, 951590]"
823,"[1029743, 1082185, 1106523, 1127831, 951590]"
825,"[1029743, 1082185, 1106523, 1127831, 951590]"
831,"[1029743, 1082185, 1106523, 1127831, 951590]"
840,"[1029743, 1082185, 1106523, 1127831, 951590]"
844,"[1029743, 1082185, 1106523, 1127831, 951590]"
845,"[1029743, 1082185, 1106523, 1127831, 951590]"
852,"[1029743, 1082185, 1106523, 1127831, 951590]"
853,"[1029743, 1082185, 1106523, 1127831, 951590]"
856,"[1029743, 1082185, 1106523, 1127831, 951590]"
857,"[1029743, 1082185, 1106523, 1127831, 951590]"
859,"[1029743, 1082185, 1106523, 1127831, 951590]"
863,"[1029743, 1082185, 1106523, 1127831, 951590]"
864,"[1029743, 1082185, 1106523, 1127831, 951590]"
865,"[1029743, 1082185, 1106523, 1127831, 951590]"
866,"[1029743, 1082185, 1106523, 1127831, 951590]"
867,"[1029743, 1082185, 1106523, 1127831, 951590]"
868,"[1029743, 1082185, 1106523, 1127831, 951590]"
871,"[1029743, 1082185, 1106523, 1127831, 951590]"
875,"[1029743, 1082185, 1106523, 1127831, 951590]"
878,"[1029743, 1082185, 1106523, 1127831, 951590]"
879,"[1029743, 1082185, 1106523, 1127831, 951590]"
882,"[1029743, 1082185, 1106523, 1127831, 951590]"
883,"[1029743, 1082185, 1106523, 1127831, 951590]"
886,"[1029743, 1082185, 1106523, 1127831, 951590]"
888,"[1029743, 1082185, 1106523, 1127831, 951590]"
889,"[1029743, 1082185, 1106523, 1127831, 951590]"
895,"[1029743, 1082185, 1106523, 1127831, 951590]"
898,"[1029743, 1082185, 1106523, 1127831, 951590]"
900,"[1029743, 1082185, 1106523, 1127831, 951590]"
906,"[1029743, 1082185, 1106523, 1127831, 951590]"
908,"[1029743, 1082185, 1106523, 1127831, 951590]"
911,"[1029743, 1082185, 1106523, 1127831, 951590]"
914,"[1029743, 1082185, 1106523, 1127831, 951590]"
915,"[1029743, 1082185, 1106523, 1127831, 951590]"
920,"[1029743, 1082185, 1106523, 1127831, 951590]"
922,"[1029743, 1082185, 1106523, 1127831, 951590]"
926,"[1029743, 1082185, 1106523, 1127831, 951590]"
929,"[1029743, 1082185, 1106523, 1127831, 951590]"
934,"[1029743, 1082185, 1106523, 1127831, 951590]"
939,"[1029743, 1082185, 1106523, 1127831, 951590]"
941,"[1029743, 1082185, 1106523, 1127831, 951590]"
946,"[1029743, 1082185, 1106523, 1127831, 951590]"
947,"[1029743, 1082185, 1106523, 1127831, 951590]"
949,"[1029743, 1082185, 1106523, 1127831, 951590]"
955,"[1029743, 1082185, 1106523, 1127831, 951590]"
956,"[1029743, 1082185, 1106523, 1127831, 951590]"
960,"[1029743, 1082185, 1106523, 1127831, 951590]"
968,"[1029743, 1082185, 1106523, 1127831, 951590]"
971,"[1029743, 1082185, 1106523, 1127831, 951590]"
973,"[1029743, 1082185, 1106523, 1127831, 951590]"
976,"[1029743, 1082185, 1106523, 1127831, 951590]"
979,"[1029743, 1082185, 1106523, 1127831, 951590]"
982,"[1029743, 1082185, 1106523, 1127831, 951590]"
983,"[1029743, 1082185, 1106523, 1127831, 951590]"
986,"[1029743, 1082185, 1106523, 1127831, 951590]"
992,"[1029743, 1082185, 1106523, 1127831, 951590]"
993,"[1029743, 1082185, 1106523, 1127831, 951590]"
996,"[1029743, 1082185, 1106523, 1127831, 951590]"
1001,"[1029743, 1082185, 1106523, 1127831, 951590]"
1004,"[1029743, 1082185, 1106523, 1127831, 951590]"
1014,"[1029743, 1082185, 1106523, 1127831, 951590]"
1015,"[1029743, 1082185, 1106523, 1127831, 951590]"
1018,"[1029743, 1082185, 1106523, 1127831, 951590]"
1020,"[1029743, 1082185, 1106523, 1127831, 951590]"
1024,"[1029743, 1082185, 1106523, 1127831, 951590]"
1040,"[1029743, 1082185, 1106523, 1127831, 951590]"
1041,"[1029743, 1082185, 1106523, 1127831, 951590]"
1042,"[1029743, 1082185, 1106523, 1127831, 951590]"
1045,"[1029743, 1082185, 1106523, 1127831, 951590]"
1053,"[1029743, 1082185, 1106523, 1127831, 951590]"
1057,"[1029743, 1082185, 1106523, 1127831, 951590]"
1060,"[1029743, 1082185, 1106523, 1127831, 951590]"
1062,"[1029743, 1082185, 1106523, 1127831, 951590]"
1066,"[1029743, 1082185, 1106523, 1127831, 951590]"
1069,"[1029743, 1082185, 1106523, 1127831, 951590]"
1070,"[1029743, 1082185, 1106523, 1127831, 951590]"
1074,"[1029743, 1082185, 1106523, 1127831, 951590]"
1076,"[1029743, 1082185, 1106523, 1127831, 951590]"
1081,"[1029743, 1082185, 1106523, 1127831, 951590]"
1082,"[1029743, 1082185, 1106523, 1127831, 951590]"
1084,"[1029743, 1082185, 1106523, 1127831, 951590]"
1091,"[1029743, 1082185, 1106523, 1127831, 951590]"
1094,"[1029743, 1082185, 1106523, 1127831, 951590]"
1103,"[1029743, 1082185, 1106523, 1127831, 951590]"
1113,"[1029743, 1082185, 1106523, 1127831, 951590]"
1123,"[1029743, 1082185, 1106523, 1127831, 951590]"
1128,"[1029743, 1082185, 1106523, 1127831, 951590]"
1130,"[1029743, 1082185, 1106523, 1127831, 951590]"
1131,"[1029743, 1082185, 1106523, 1127831, 951590]"
1135,"[1029743, 1082185, 1106523, 1127831, 951590]"
1137,"[1029743, 1082185, 1106523, 1127831, 951590]"
1138,"[1029743, 1082185, 1106523, 1127831, 951590]"
1142,"[1029743, 1082185, 1106523, 1127831, 951590]"
1146,"[1029743, 1082185, 1106523, 1127831, 951590]"
1147,"[1029743, 1082185, 1106523, 1127831, 951590]"
1151,"[1029743, 1082185, 1106523, 1127831, 951590]"
1154,"[1029743, 1082185, 1106523, 1127831, 951590]"
1158,"[1029743, 1082185, 1106523, 1127831, 951590]"
1159,"[1029743, 1082185, 1106523, 1127831, 951590]"
1160,"[1029743, 1082185, 1106523, 1127831, 951590]"
1163,"[1029743, 1082185, 1106523, 1127831, 951590]"
1164,"[1029743, 1082185, 1106523, 1127831, 951590]"
1166,"[1029743, 1082185, 1106523, 1127831, 951590]"
1167,"[1029743, 1082185, 1106523, 1127831, 951590]"
1169,"[1029743, 1082185, 1106523, 1127831, 951590]"
1172,"[1029743, 1082185, 1106523, 1127831, 951590]"
1174,"[1029743, 1082185, 1106523, 1127831, 951590]"
1175,"[1029743, 1082185, 1106523, 1127831, 951590]"
1178,"[1029743, 1082185, 1106523, 1127831, 951590]"
1179,"[1029743, 1082185, 1106523, 1127831, 951590]"
1186,"[1029743, 1082185, 1106523, 1127831, 951590]"
1188,"[1029743, 1082185, 1106523, 1127831, 951590]"
1190,"[1029743, 1082185, 1106523, 1127831, 951590]"
1197,"[1029743, 1082185, 1106523, 1127831, 951590]"
1218,"[1029743, 1082185, 1106523, 1127831, 951590]"
1219,"[1029743, 1082185, 1106523, 1127831, 951590]"
1222,"[1029743, 1082185, 1106523, 1127831, 951590]"
1226,"[1029743, 1082185, 1106523, 1127831, 951590]"
1228,"[1029743, 1082185, 1106523, 1127831, 951590]"
1229,"[1029743, 1082185, 1106523, 1127831, 951590]"
1234,"[1029743, 1082185, 1106523, 1127831, 951590]"
1240,"[1029743, 1082185, 1106523, 1127831, 951590]"
1247,"[1029743, 1082185, 1106523, 1127831, 951590]"
1248,"[1029743, 1082185, 1106523, 1127831, 951590]"
1256,"[1029743, 1082185, 1106523, 1127831, 951590]"
1258,"[1029743, 1082185, 1106523, 1127831, 951590]"
1260,"[1029743, 1082185, 1106523, 1127831, 951590]"
1261,"[1029743, 1082185, 1106523, 1127831, 951590]"
1263,"[1029743, 1082185, 1106523, 1127831, 951590]"
1264,"[1029743, 1082185, 1106523, 1127831, 951590]"
1267,"[1029743, 1082185, 1106523, 1127831, 951590]"
1270,"[1029743, 1082185, 1106523, 1127831, 951590]"
1272,"[1029743, 1082185, 1106523, 1127831, 951590]"
1285,"[1029743, 1082185, 1106523, 1127831, 951590]"
1291,"[1029743, 1082185, 1106523, 1127831, 951590]"
1296,"[1029743, 1082185, 1106523, 1127831, 951590]"
1297,"[1029743, 1082185, 1106523, 1127831, 951590]"
1299,"[1029743, 1082185, 1106523, 1127831, 951590]"
1300,"[1029743, 1082185, 1106523, 1127831, 951590]"
1305,"[1029743, 1082185, 1106523, 1127831, 951590]"
1306,"[1029743, 1082185, 1106523, 1127831, 951590]"
1316,"[1029743, 1082185, 1106523, 1127831, 951590]"
1318,"[1029743, 1082185, 1106523, 1127831, 951590]"
1321,"[1029743, 1082185, 1106523, 1127831, 951590]"
1326,"[1029743, 1082185, 1106523, 1127831, 951590]"
1333,"[1029743, 1082185, 1106523, 1127831, 951590]"
1337,"[1029743, 1082185, 1106523, 1127831, 951590]"
1352,"[1029743, 1082185, 1106523, 1127831, 951590]"
1354,"[1029743, 1082185, 1106523, 1127831, 951590]"
1357,"[1029743, 1082185, 1106523, 1127831, 951590]"
1364,"[1029743, 1082185, 1106523, 1127831, 951590]"
1367,"[1029743, 1082185, 1106523, 1127831, 951590]"
1369,"[1029743, 1082185, 1106523, 1127831, 951590]"
1370,"[1029743, 1082185, 1106523, 1127831, 951590]"
1376,"[1029743, 1082185, 1106523, 1127831, 951590]"
1378,"[1029743, 1082185, 1106523, 1127831, 951590]"
1388,"[1029743, 1082185, 1106523, 1127831, 951590]"
1389,"[1029743, 1082185, 1106523, 1127831, 951590]"
1391,"[1029743, 1082185, 1106523, 1127831, 951590]"
1393,"[1029743, 1082185, 1106523, 1127831, 951590]"
1394,"[1029743, 1082185, 1106523, 1127831, 951590]"
1397,"[1029743, 1082185, 1106523, 1127831, 951590]"
1402,"[1029743, 1082185, 1106523, 1127831, 951590]"
1412,"[1029743, 1082185, 1106523, 1127831, 951590]"
1418,"[1029743, 1082185, 1106523, 1127831, 951590]"
1419,"[1029743, 1082185, 1106523, 1127831, 951590]"
1421,"[1029743, 1082185, 1106523, 1127831, 951590]"
1423,"[1029743, 1082185, 1106523, 1127831, 951590]"
1425,"[1029743, 1082185, 1106523, 1127831, 951590]"
1428,"[1029743, 1082185, 1106523, 1127831, 951590]"
1429,"[1029743, 1082185, 1106523, 1127831, 951590]"
1430,"[1029743, 1082185, 1106523, 1127831, 951590]"
1437,"[1029743, 1082185, 1106523, 1127831, 951590]"
1443,"[1029743, 1082185, 1106523, 1127831, 951590]"
1445,"[1029743, 1082185, 1106523, 1127831, 951590]"
1451,"[1029743, 1082185, 1106523, 1127831, 951590]"
1452,"[1029743, 1082185, 1106523, 1127831, 951590]"
1453,"[1029743, 1082185, 1106523, 1127831, 951590]"
1454,"[1029743, 1082185, 1106523, 1127831, 951590]"
1461,"[1029743, 1082185, 1106523, 1127831, 951590]"
1462,"[1029743, 1082185, 1106523, 1127831, 951590]"
1467,"[1029743, 1082185, 1106523, 1127831, 951590]"
1470,"[1029743, 1082185, 1106523, 1127831, 951590]"
1474,"[1029743, 1082185, 1106523, 1127831, 951590]"
1475,"[1029743, 1082185, 1106523, 1127831, 951590]"
1479,"[1029743, 1082185, 1106523, 1127831, 951590]"
1481,"[1029743, 1082185, 1106523, 1127831, 951590]"
1483,"[1029743, 1082185, 1106523, 1127831, 951590]"
1484,"[1029743, 1082185, 1106523, 1127831, 951590]"
1485,"[1029743, 1082185, 1106523, 1127831, 951590]"
1488,"[1029743, 1082185, 1106523, 1127831, 951590]"
1491,"[1029743, 1082185, 1106523, 1127831, 951590]"
1492,"[1029743, 1082185, 1106523, 1127831, 951590]"
1494,"[1029743, 1082185, 1106523, 1127831, 951590]"
1499,"[1029743, 1082185, 1106523, 1127831, 951590]"
1509,"[1029743, 1082185, 1106523, 1127831, 951590]"
1517,"[1029743, 1082185, 1106523, 1127831, 951590]"
1527,"[1029743, 1082185, 1106523, 1127831, 951590]"
1528,"[1029743, 1082185, 1106523, 1127831, 951590]"
1529,"[1029743, 1082185, 1106523, 1127831, 951590]"
1534,"[1029743, 1082185, 1106523, 1127831, 951590]"
1536,"[1029743, 1082185, 1106523, 1127831, 951590]"
1537,"[1029743, 1082185, 1106523, 1127831, 951590]"
1540,"[1029743, 1082185, 1106523, 1127831, 951590]"
1541,"[1029743, 1082185, 1106523, 1127831, 951590]"
1545,"[1029743, 1082185, 1106523, 1127831, 951590]"
1549,"[1029743, 1082185, 1106523, 1127831, 951590]"
1556,"[1029743, 1082185, 1106523, 1127831, 951590]"
1557,"[1029743, 1082185, 1106523, 1127831, 951590]"
1563,"[1029743, 1082185, 1106523, 1127831, 951590]"
1566,"[1029743, 1082185, 1106523, 1127831, 951590]"
1567,"[1029743, 1082185, 1106523, 1127831, 951590]"
1568,"[1029743, 1082185, 1106523, 1127831, 951590]"
1572,"[1029743, 1082185, 1106523, 1127831, 951590]"
1578,"[1029743, 1082185, 1106523, 1127831, 951590]"
1580,"[1029743, 1082185, 1106523, 1127831, 951590]"
1585,"[1029743, 1082185, 1106523, 1127831, 951590]"
1588,"[1029743, 1082185, 1106523, 1127831, 951590]"
1591,"[1029743, 1082185, 1106523, 1127831, 951590]"
1595,"[1029743, 1082185, 1106523, 1127831, 951590]"
1604,"[1029743, 1082185, 1106523, 1127831, 951590]"
1609,"[1029743, 1082185, 1106523, 1127831, 951590]"
1618,"[1029743, 1082185, 1106523, 1127831, 951590]"
1627,"[1029743, 1082185, 1106523, 1127831, 951590]"
1631,"[1029743, 1082185, 1106523, 1127831, 951590]"
1633,"[1029743, 1082185, 1106523, 1127831, 951590]"
1634,"[1029743, 1082185, 1106523, 1127831, 951590]"
1648,"[1029743, 1082185, 1106523, 1127831, 951590]"
1649,"[1029743, 1082185, 1106523, 1127831, 951590]"
1650,"[1029743, 1082185, 1106523, 1127831, 951590]"
1653,"[1029743, 1082185, 1106523, 1127831, 951590]"
1662,"[1029743, 1082185, 1106523, 1127831, 951590]"
1676,"[1029743, 1082185, 1106523, 1127831, 951590]"
1677,"[1029743, 1082185, 1106523, 1127831, 951590]"
1686,"[1029743, 1082185, 1106523, 1127831, 951590]"
1689,"[1029743, 1082185, 1106523, 1127831, 951590]"
1692,"[1029743, 1082185, 1106523, 1127831, 951590]"
1693,"[1029743, 1082185, 1106523, 1127831, 951590]"
1694,"[1029743, 1082185, 1106523, 1127831, 951590]"
1695,"[1029743, 1082185, 1106523, 1127831, 951590]"
1707,"[1029743, 1082185, 1106523, 1127831, 951590]"
1708,"[1029743, 1082185, 1106523, 1127831, 951590]"
1710,"[1029743, 1082185, 1106523, 1127831, 951590]"
1720,"[1029743, 1082185, 1106523, 1127831, 951590]"
1722,"[1029743, 1082185, 1106523, 1127831, 951590]"
1726,"[1029743, 1082185, 1106523, 1127831, 951590]"
1740,"[1029743, 1082185, 1106523, 1127831, 951590]"
1745,"[1029743, 1082185, 1106523, 1127831, 951590]"
1748,"[1029743, 1082185, 1106523, 1127831, 951590]"
1749,"[1029743, 1082185, 1106523, 1127831, 951590]"
1751,"[1029743, 1082185, 1106523, 1127831, 951590]"
1753,"[1029743, 1082185, 1106523, 1127831, 951590]"
1759,"[1029743, 1082185, 1106523, 1127831, 951590]"
1762,"[1029743, 1082185, 1106523, 1127831, 951590]"
1764,"[1029743, 1082185, 1106523, 1127831, 951590]"
1765,"[1029743, 1082185, 1106523, 1127831, 951590]"
1775,"[1029743, 1082185, 1106523, 1127831, 951590]"
1778,"[1029743, 1082185, 1106523, 1127831, 951590]"
1785,"[1029743, 1082185, 1106523, 1127831, 951590]"
1788,"[1029743, 1082185, 1106523, 1127831, 951590]"
1791,"[1029743, 1082185, 1106523, 1127831, 951590]"
1795,"[1029743, 1082185, 1106523, 1127831, 951590]"
1796,"[1029743, 1082185, 1106523, 1127831, 951590]"
1797,"[1029743, 1082185, 1106523, 1127831, 951590]"
1800,"[1029743, 1082185, 1106523, 1127831, 951590]"
1802,"[1029743, 1082185, 1106523, 1127831, 951590]"
1803,"[1029743, 1082185, 1106523, 1127831, 951590]"
1804,"[1029743, 1082185, 1106523, 1127831, 951590]"
1812,"[1029743, 1082185, 1106523, 1127831, 951590]"
1814,"[1029743, 1082185, 1106523, 1127831, 951590]"
1815,"[1029743, 1082185, 1106523, 1127831, 951590]"
1816,"[1029743, 1082185, 1106523, 1127831, 951590]"
1823,"[1029743, 1082185, 1106523, 1127831, 951590]"
1829,"[1029743, 1082185, 1106523, 1127831, 951590]"
1831,"[1029743, 1082185, 1106523, 1127831, 951590]"
1833,"[1029743, 1082185, 1106523, 1127831, 951590]"
1841,"[1029743, 1082185, 1106523, 1127831, 951590]"
1845,"[1029743, 1082185, 1106523, 1127831, 951590]"
1847,"[1029743, 1082185, 1106523, 1127831, 951590]"
1848,"[1029743, 1082185, 1106523, 1127831, 951590]"
1850,"[1029743, 1082185, 1106523, 1127831, 951590]"
1858,"[1029743, 1082185, 1106523, 1127831, 951590]"
1861,"[1029743, 1082185, 1106523, 1127831, 951590]"
1864,"[1029743, 1082185, 1106523, 1127831, 951590]"
1865,"[1029743, 1082185, 1106523, 1127831, 951590]"
1869,"[1029743, 1082185, 1106523, 1127831, 951590]"
1873,"[1029743, 1082185, 1106523, 1127831, 951590]"
1879,"[1029743, 1082185, 1106523, 1127831, 951590]"
1892,"[1029743, 1082185, 1106523, 1127831, 951590]"
1896,"[1029743, 1082185, 1106523, 1127831, 951590]"
1899,"[1029743, 1082185, 1106523, 1127831, 951590]"
1901,"[1029743, 1082185, 1106523, 1127831, 951590]"
1907,"[1029743, 1082185, 1106523, 1127831, 951590]"
1911,"[1029743, 1082185, 1106523, 1127831, 951590]"
1914,"[1029743, 1082185, 1106523, 1127831, 951590]"
1917,"[1029743, 1082185, 1106523, 1127831, 951590]"
1919,"[1029743, 1082185, 1106523, 1127831, 951590]"
1920,"[1029743, 1082185, 1106523, 1127831, 951590]"
1923,"[1029743, 1082185, 1106523, 1127831, 951590]"
1926,"[1029743, 1082185, 1106523, 1127831, 951590]"
1927,"[1029743, 1082185, 1106523, 1127831, 951590]"
1928,"[1029743, 1082185, 1106523, 1127831, 951590]"
1929,"[1029743, 1082185, 1106523, 1127831, 951590]"
1931,"[1029743, 1082185, 1106523, 1127831, 951590]"
1935,"[1029743, 1082185, 1106523, 1127831, 951590]"
1937,"[1029743, 1082185, 1106523, 1127831, 951590]"
1939,"[1029743, 1082185, 1106523, 1127831, 951590]"
1944,"[1029743, 1082185, 1106523, 1127831, 951590]"
1946,"[1029743, 1082185, 1106523, 1127831, 951590]"
1948,"[1029743, 1082185, 1106523, 1127831, 951590]"
1949,"[1029743, 1082185, 1106523, 1127831, 951590]"
1953,"[1029743, 1082185, 1106523, 1127831, 951590]"
1955,"[1029743, 1082185, 1106523, 1127831, 951590]"
1962,"[1029743, 1082185, 1106523, 1127831, 951590]"
1964,"[1029743, 1082185, 1106523, 1127831, 951590]"
1965,"[1029743, 1082185, 1106523, 1127831, 951590]"
1975,"[1029743, 1082185, 1106523, 1127831, 951590]"
1976,"[1029743, 1082185, 1106523, 1127831, 951590]"
1979,"[1029743, 1082185, 1106523, 1127831, 951590]"
1982,"[1029743, 1082185, 1106523, 1127831, 951590]"
1985,"[1029743, 1082185, 1106523, 1127831, 951590]"
1989,"[1029743, 1082185, 1106523, 1127831, 951590]"
1990,"[1029743, 1082185, 1106523, 1127831, 951590]"
1995,"[1029743, 1082185, 1106523, 1127831, 951590]"
1997,"[1029743, 1082185, 1106523, 1127831, 951590]"
2004,"[1029743, 1082185, 1106523, 1127831, 951590]"
2006,"[1029743, 1082185, 1106523, 1127831, 951590]"
2007,"[1029743, 1082185, 1106523, 1127831, 951590]"
2011,"[1029743, 1082185, 1106523, 1127831, 951590]"
2012,"[1029743, 1082185, 1106523, 1127831, 951590]"
2017,"[1029743, 1082185, 1106523, 1127831, 951590]"
2018,"[1029743, 1082185, 1106523, 1127831, 951590]"
2020,"[1029743, 1082185, 1106523, 1127831, 951590]"
2023,"[1029743, 1082185, 1106523, 1127831, 951590]"
2030,"[1029743, 1082185, 1106523, 1127831, 951590]"
2040,"[1029743, 1082185, 1106523, 1127831, 951590]"
2041,"[1029743, 1082185, 1106523, 1127831, 951590]"
2050,"[1029743, 1082185, 1106523, 1127831, 951590]"
2057,"[1029743, 1082185, 1106523, 1127831, 951590]"
2058,"[1029743, 1082185, 1106523, 1127831, 951590]"
2062,"[1029743, 1082185, 1106523, 1127831, 951590]"
2063,"[1029743, 1082185, 1106523, 1127831, 951590]"
2064,"[1029743, 1082185, 1106523, 1127831, 951590]"
2068,"[1029743, 1082185, 1106523, 1127831, 951590]"
2070,"[1029743, 1082185, 1106523, 1127831, 951590]"
2076,"[1029743, 1082185, 1106523, 1127831, 951590]"
2082,"[1029743, 1082185, 1106523, 1127831, 951590]"
2084,"[1029743, 1082185, 1106523, 1127831, 951590]"
2085,"[1029743, 1082185, 1106523, 1127831, 951590]"
2086,"[1029743, 1082185, 1106523, 1127831, 951590]"
2087,"[1029743, 1082185, 1106523, 1127831, 951590]"
2088,"[1029743, 1082185, 1106523, 1127831, 951590]"
2100,"[1029743, 1082185, 1106523, 1127831, 951590]"
2102,"[1029743, 1082185, 1106523, 1127831, 951590]"
2110,"[1029743, 1082185, 1106523, 1127831, 951590]"
2111,"[1029743, 1082185, 1106523, 1127831, 951590]"
2112,"[1029743, 1082185, 1106523, 1127831, 951590]"
2115,"[1029743, 1082185, 1106523, 1127831, 951590]"
2116,"[1029743, 1082185, 1106523, 1127831, 951590]"
2119,"[1029743, 1082185, 1106523, 1127831, 951590]"
2121,"[1029743, 1082185, 1106523, 1127831, 951590]"
2123,"[1029743, 1082185, 1106523, 1127831, 951590]"
2124,"[1029743, 1082185, 1106523, 1127831, 951590]"
2129,"[1029743, 1082185, 1106523, 1127831, 951590]"
2130,"[1029743, 1082185, 1106523, 1127831, 951590]"
2133,"[1029743, 1082185, 1106523, 1127831, 951590]"
2134,"[1029743, 1082185, 1106523, 1127831, 951590]"
2147,"[1029743, 1082185, 1106523, 1127831, 951590]"
2148,"[1029743, 1082185, 1106523, 1127831, 951590]"
2154,"[1029743, 1082185, 1106523, 1127831, 951590]"
2156,"[1029743, 1082185, 1106523, 1127831, 951590]"
2158,"[1029743, 1082185, 1106523, 1127831, 951590]"
2162,"[1029743, 1082185, 1106523, 1127831, 951590]"
2168,"[1029743, 1082185, 1106523, 1127831, 951590]"
2172,"[1029743, 1082185, 1106523, 1127831, 951590]"
2173,"[1029743, 1082185, 1106523, 1127831, 951590]"
2181,"[1029743, 1082185, 1106523, 1127831, 951590]"
2183,"[1029743, 1082185, 1106523, 1127831, 951590]"
2184,"[1029743, 1082185, 1106523, 1127831, 951590]"
2185,"[1029743, 1082185, 1106523, 1127831, 951590]"
2186,"[1029743, 1082185, 1106523, 1127831, 951590]"
2188,"[1029743, 1082185, 1106523, 1127831, 951590]"
2190,"[1029743, 1082185, 1106523, 1127831, 951590]"
2193,"[1029743, 1082185, 1106523, 1127831, 951590]"
2194,"[1029743, 1082185, 1106523, 1127831, 951590]"
2198,"[1029743, 1082185, 1106523, 1127831, 951590]"
2199,"[1029743, 1082185, 1106523, 1127831, 951590]"
2200,"[1029743, 1082185, 1106523, 1127831, 951590]"
2203,"[1029743, 1082185, 1106523, 1127831, 951590]"
2208,"[1029743, 1082185, 1106523, 1127831, 951590]"
2209,"[1029743, 1082185, 1106523, 1127831, 951590]"
2217,"[1029743, 1082185, 1106523, 1127831, 951590]"
2221,"[1029743, 1082185, 1106523, 1127831, 951590]"
2224,"[1029743, 1082185, 1106523, 1127831, 951590]"
2231,"[1029743, 1082185, 1106523, 1127831, 951590]"
2233,"[1029743, 1082185, 1106523, 1127831, 951590]"
2234,"[1029743, 1082185, 1106523, 1127831, 951590]"
2235,"[1029743, 1082185, 1106523, 1127831, 951590]"
2237,"[1029743, 1082185, 1106523, 1127831, 951590]"
2243,"[1029743, 1082185, 1106523, 1127831, 951590]"
2252,"[1029743, 1082185, 1106523, 1127831, 951590]"
2260,"[1029743, 1082185, 1106523, 1127831, 951590]"
2264,"[1029743, 1082185, 1106523, 1127831, 951590]"
2266,"[1029743, 1082185, 1106523, 1127831, 951590]"
2269,"[1029743, 1082185, 1106523, 1127831, 951590]"
2272,"[1029743, 1082185, 1106523, 1127831, 951590]"
2279,"[1029743, 1082185, 1106523, 1127831, 951590]"
2280,"[1029743, 1082185, 1106523, 1127831, 951590]"
2284,"[1029743, 1082185, 1106523, 1127831, 951590]"
2292,"[1029743, 1082185, 1106523, 1127831, 951590]"
2294,"[1029743, 1082185, 1106523, 1127831, 951590]"
2295,"[1029743, 1082185, 1106523, 1127831, 951590]"
2296,"[1029743, 1082185, 1106523, 1127831, 951590]"
2298,"[1029743, 1082185, 1106523, 1127831, 951590]"
2300,"[1029743, 1082185, 1106523, 1127831, 951590]"
2302,"[1029743, 1082185, 1106523, 1127831, 951590]"
2305,"[1029743, 1082185, 1106523, 1127831, 951590]"
2307,"[1029743, 1082185, 1106523, 1127831, 951590]"
2312,"[1029743, 1082185, 1106523, 1127831, 951590]"
2314,"[1029743, 1082185, 1106523, 1127831, 951590]"
2317,"[1029743, 1082185, 1106523, 1127831, 951590]"
2322,"[1029743, 1082185, 1106523, 1127831, 951590]"
2324,"[1029743, 1082185, 1106523, 1127831, 951590]"
2328,"[1029743, 1082185, 1106523, 1127831, 951590]"
2330,"[1029743, 1082185, 1106523, 1127831, 951590]"
2331,"[1029743, 1082185, 1106523, 1127831, 951590]"
2334,"[1029743, 1082185, 1106523, 1127831, 951590]"
2337,"[1029743, 1082185, 1106523, 1127831, 951590]"
2341,"[1029743, 1082185, 1106523, 1127831, 951590]"
2342,"[1029743, 1082185, 1106523, 1127831, 951590]"
2343,"[1029743, 1082185, 1106523, 1127831, 951590]"
2347,"[1029743, 1082185, 1106523, 1127831, 951590]"
2351,"[1029743, 1082185, 1106523, 1127831, 951590]"
2359,"[1029743, 1082185, 1106523, 1127831, 951590]"
2360,"[1029743, 1082185, 1106523, 1127831, 951590]"
2361,"[1029743, 1082185, 1106523, 1127831, 951590]"
2364,"[1029743, 1082185, 1106523, 1127831, 951590]"
2370,"[1029743, 1082185, 1106523, 1127831, 951590]"
2374,"[1029743, 1082185, 1106523, 1127831, 951590]"
2376,"[1029743, 1082185, 1106523, 1127831, 951590]"
2378,"[1029743, 1082185, 1106523, 1127831, 951590]"
2380,"[1029743, 1082185, 1106523, 1127831, 951590]"
2393,"[1029743, 1082185, 1106523, 1127831, 951590]"
2400,"[1029743, 1082185, 1106523, 1127831, 951590]"
2405,"[1029743, 1082185, 1106523, 1127831, 951590]"
2406,"[1029743, 1082185, 1106523, 1127831, 951590]"
2407,"[1029743, 1082185, 1106523, 1127831, 951590]"
2420,"[1029743, 1082185, 1106523, 1127831, 951590]"
2421,"[1029743, 1082185, 1106523, 1127831, 951590]"
2426,"[1029743, 1082185, 1106523, 1127831, 951590]"
2427,"[1029743, 1082185, 1106523, 1127831, 951590]"
2435,"[1029743, 1082185, 1106523, 1127831, 951590]"
2437,"[1029743, 1082185, 1106523, 1127831, 951590]"
2445,"[1029743, 1082185, 1106523, 1127831, 951590]"
2446,"[1029743, 1082185, 1106523, 1127831, 951590]"
2447,"[1029743, 1082185, 1106523, 1127831, 951590]"
2448,"[1029743, 1082185, 1106523, 1127831, 951590]"
2449,"[1029743, 1082185, 1106523, 1127831, 951590]"
2453,"[1029743, 1082185, 1106523, 1127831, 951590]"
2455,"[1029743, 1082185, 1106523, 1127831, 951590]"
2465,"[1029743, 1082185, 1106523, 1127831, 951590]"
2467,"[1029743, 1082185, 1106523, 1127831, 951590]"
2479,"[1029743, 1082185, 1106523, 1127831, 951590]"
2483,"[1029743, 1082185, 1106523, 1127831, 951590]"
2486,"[1029743, 1082185, 1106523, 1127831, 951590]"
2488,"[1029743, 1082185, 1106523, 1127831, 951590]"
2494,"[1029743, 1082185, 1106523, 1127831, 951590]"
2496,"[1029743, 1082185, 1106523, 1127831, 951590]"
2497,"[1029743, 1082185, 1106523, 1127831, 951590]"
2498,"[1029743, 1082185, 1106523, 1127831, 951590]"
2499,"[1029743, 1082185, 1106523, 1127831, 951590]"
